DROP TABLE usuario_permissao;
DROP TABLE usuario;
DROP TABLE permissao;


CREATE TABLE usuario(
	codigo BIGINT(20) PRIMARY KEY,
	nome VARCHAR(50) NOT NULL,
	email VARCHAR(50) NOT NULL,
	senha VARCHAR(150) NOT NULL
) ENGINE=InnoDB DEFAULT CHARSET=utf8;

CREATE TABLE permissao(
	codigo BIGINT(20) PRIMARY KEY,
	descricao VARCHAR(50) NOT NULL
) ENGINE=InnoDB DEFAULT CHARSET=utf8;

CREATE TABLE usuario_permissao (
	codigo_usuario BIGINT(20) NOT NULL,
	codigo_permissao BIGINT(20) NOT NULL,
	PRIMARY KEY (codigo_usuario, codigo_permissao),
	FOREIGN KEY (codigo_usuario) REFERENCES usuario(codigo),
	FOREIGN KEY (codigo_permissao) REFERENCES permissao(codigo)
) ENGINE=InnoDB DEFAULT CHARSET=utf8;

INSERT INTO usuario (codigo, nome, email, senha) VALUES (1, 'Administrador', 'thibelini@gmail.com', '$2a$10$edGY5.NFSPx9NdEb.InIQuxncxcfey3OvYLyIdv.juJa/8ak5SE5C');
INSERT INTO usuario (codigo, nome, email, senha) VALUES (2, 'Thiago Belini', 'thiago@teste.com.br', '$2a$10$edGY5.NFSPx9NdEb.InIQuxncxcfey3OvYLyIdv.juJa/8ak5SE5C');

INSERT INTO permissao (codigo, descricao) VALUES (1, 'ROLE_CADASTRAR_CATEGORIA');
INSERT INTO permissao (codigo, descricao) VALUES (2, 'ROLE_PESQUISAR_CATEGORIA');

INSERT INTO permissao (codigo, descricao) VALUES (3, 'ROLE_CADASTRAR_PESSOA');
INSERT INTO permissao (codigo, descricao) VALUES (4, 'ROLE_REMOVER_PESSOA');
INSERT INTO permissao (codigo, descricao) VALUES (5, 'ROLE_PESQUISAR_PESSOA');

INSERT INTO permissao (codigo, descricao) VALUES (6, 'ROLE_PESQUISAR_LANCAMENTO');
INSERT INTO permissao (codigo, descricao) VALUES (7, 'ROLE_REMOVER_LANCAMENTO');
INSERT INTO permissao (codigo, descricao) VALUES (8, 'ROLE_PESQUISAR_LANCAMENTO');

-- admin
INSERT INTO usuario_permissao (codigo_usuario, codigo_permissao) VALUES (1, 1);
INSERT INTO usuario_permissao (codigo_usuario, codigo_permissao) VALUES (1, 2);
INSERT INTO usuario_permissao (codigo_usuario, codigo_permissao) VALUES (1, 3);
INSERT INTO usuario_permissao (codigo_usuario, codigo_permissao) VALUES (1, 4);
INSERT INTO usuario_permissao (codigo_usuario, codigo_permissao) VALUES (1, 5);
INSERT INTO usuario_permissao (codigo_usuario, codigo_permissao) VALUES (1, 6);
INSERT INTO usuario_permissao (codigo_usuario, codigo_permissao) VALUES (1, 7);
INSERT INTO usuario_permissao (codigo_usuario, codigo_permissao) VALUES (1, 8);

-- THIAGO
INSERT INTO usuario_permissao (codigo_usuario, codigo_permissao) VALUES (2, 2);
INSERT INTO usuario_permissao (codigo_usuario, codigo_permissao) VALUES (2, 5);
INSERT INTO usuario_permissao (codigo_usuario, codigo_permissao) VALUES (2, 8);

